pilot_spacing,pilot_overhead_pct,LMMSE_NMSE,Transformer_NMSE,Mamba_NMSE
2,50.0,-3.074850707891125,-8.78259563446045,-9.68867301940918
4,25.0,-2.664211588970704,-8.78259563446045,-9.68867301940918
8,12.5,-1.2226348739008754,-8.78259563446045,-9.68867301940918
16,6.25,0.9202688366469292,-8.78259563446045,-9.68867301940918
