SNR_dB,LMMSE_NMSE,LMMSE_Range_RMSE,Transformer_NMSE,Transformer_Range_RMSE,Mamba_NMSE,Mamba_Range_RMSE
-10,-10.422569417634719,1.336196694834342,12.975460052490234,10.914337158203125,12.984748840332031,10.752917289733887
-5,-10.414540794211469,0.8089755922554999,8.00712776184082,8.160691261291504,8.002996444702148,8.574540138244629
0,-10.346614068569115,0.7475254554005744,3.1044185161590576,7.571613311767578,3.066999912261963,8.127293586730957
5,-9.906861357225466,0.7475254554005744,-1.6018314361572266,7.407761096954346,-1.7335318326950073,8.014286994934082
10,-8.460279865249557,0.7473103721924511,-5.784387111663818,7.355709552764893,-6.154968738555908,7.984050273895264
15,-6.646803309018557,0.7473103721924511,-8.900423049926758,7.337555408477783,-9.709026336669922,7.977492332458496
20,-5.588735425347221,0.752329672829003,-10.65008544921875,7.330611228942871,-11.929985046386719,7.977313041687012
25,-5.1689912419997714,0.752329672829003,-11.39031982421875,7.327796936035156,-12.958635330200195,7.977969646453857
30,-5.025426820502457,0.752248438450407,-11.652790069580078,7.326327323913574,-13.341312408447266,7.978981018066406
