SNR_dB,LMMSE_NMSE,LMMSE_Range_RMSE,Transformer_NMSE,Transformer_Range_RMSE,Mamba_NMSE,Mamba_Range_RMSE
-10,-0.2698502112790103,7.8057395421492695,12.975460052490234,10.914337158203125,12.984748840332031,10.752917289733887
-5,-1.050852799573542,3.6409232188064804,8.00712776184082,8.160691261291504,8.002996444702148,8.574540138244629
0,-2.2952253947095445,4.830113680311774,3.1044185161590576,7.571613311767578,3.066999912261963,8.127293586730957
5,-3.2174991435076583,6.2503333052550705,-1.6018314361572266,7.407761096954346,-1.7335318326950073,8.014286994934082
10,-3.441181524492818,14.654993939155764,-5.784387111663818,7.355709552764893,-6.154968738555908,7.984050273895264
15,-3.262031647938293,11.517305085864328,-8.900423049926758,7.337555408477783,-9.709026336669922,7.977492332458496
20,-2.881433501208124,17.390524747112885,-10.65008544921875,7.330611228942871,-11.929985046386719,7.977313041687012
25,-2.5127271092006835,17.631098630414105,-11.39031982421875,7.327796936035156,-12.958635330200195,7.977969646453857
30,-2.2020638920680975,15.44951150616854,-11.652790069580078,7.326327323913574,-13.341312408447266,7.978981018066406
