velocity_ms,velocity_kmh,LMMSE_NMSE,Transformer_NMSE,Mamba_NMSE
5.0,18.0,-2.6616097499719142,-8.759712219238281,-9.648826599121094
15.0,54.0,-2.664211588970704,-8.78259563446045,-9.68867301940918
30.0,108.0,-2.6726483379165566,-8.735933303833008,-9.558053970336914
60.0,216.0,-2.672032766424621,-6.2775492668151855,-5.184150218963623
120.0,432.0,-2.6745167494523296,-7.382297039031982,-5.837975025177002
