T,LMMSE_NMSE,LMMSE_Lat_ms,Transformer_NMSE,Transformer_Lat_ms,Mamba_NMSE,Mamba_Lat_ms
4,-4.255587364189867,0.20175199999357574,-9.278641700744629,2.3902020000241464,-9.735243797302246,8.74937199998385
8,-3.5181124887962008,0.35874800005331053,-9.202644348144531,1.9540959999540064,-9.788688659667969,10.86535599995841
16,-3.34210775218664,0.6029559999296907,-8.78259563446045,2.7404019999266893,-9.68867301940918,16.382897999901616
32,-2.701265334082108,1.0884060000353202,-8.940741539001465,1.9979299999613431,-9.214680671691895,26.56710999999632
64,-3.0389619453484844,2.1221999999761465,-6.556962013244629,2.0832260000679526,-4.633254528045654,45.970892000004824
128,-3.05326100221686,4.256278000011662,-6.4841156005859375,2.3750639999707346,-5.526626110076904,89.70597800000178
256,-2.882375703316413,8.657093999918288,-6.593929290771484,1.9828880000022764,-4.830719470977783,168.00830000000133
