Method,NMSE_mean,NMSE_std,Range_RMSE_mean,Range_RMSE_std,FLOPs,Parameters
LMMSE,-6.653023218200706,0.005079429264192905,0.7090394541754813,0.010232324622401787,524288,0
Transformer,-9.051935513814291,0.16606490014494593,6.428455988566081,0.8273491236320255,29239296,984899
Mamba-ISAC,-9.792590777079264,0.1517701961240166,5.435470263163249,1.1514194404843452,40773632,1020099
